{
    "Ar36": {
        "error": 0.0003069132453855429, 
        "filter_outliers_dict": {
            "filter_outliers": true, 
            "iterations": 2, 
            "std_devs": 2
        }, 
        "fit": "Parabolic", 
        "value": 0.011482002201332282
    }, 
    "Ar37": {
        "error": 0.01144609140663222, 
        "filter_outliers_dict": {
            "filter_outliers": true, 
            "iterations": 2, 
            "std_devs": 2
        }, 
        "fit": "linear", 
        "value": -0.9248746940673918
    }, 
    "Ar38": {
        "error": 0.013235905190412175, 
        "filter_outliers_dict": {
            "filter_outliers": true, 
            "iterations": 2, 
            "std_devs": 2
        }, 
        "fit": "linear", 
        "value": -0.0571160466200651
    }, 
    "Ar39": {
        "error": 0.023769980661094602, 
        "filter_outliers_dict": {
            "filter_outliers": true, 
            "iterations": 2, 
            "std_devs": 2
        }, 
        "fit": "Parabolic", 
        "value": 3.736196361665935
    }, 
    "Ar40": {
        "error": 0.04310217020529322, 
        "filter_outliers_dict": {
            "filter_outliers": true, 
            "iterations": 2, 
            "std_devs": 2
        }, 
        "fit": "Parabolic", 
        "value": 305.5766073568301
    }
}